{"Image Filename": "img_3.jpg", "Prediction": 9, "MSE": 0.0, "SSIM": 1.0, "_timestamp": 1720839841.565598, "_runtime": 986.8540210723877, "_step": 2, "_wandb": {"runtime": 986}}