{"Image Filename": "img_3.jpg", "Prediction": 9, "MSE": 0.0, "SSIM": 1.0, "_timestamp": 1720834042.099781, "_runtime": 21.405938148498535, "_step": 2, "_wandb": {"runtime": 20}}