{"Image Filename": "img_3.jpg", "Prediction": 9, "MSE": 0.0, "SSIM": 1.0, "_timestamp": 1720840015.776747, "_runtime": 11.458944082260132, "_step": 2, "_wandb": {"runtime": 10}}